{"v":"5.7.3","fr":60,"ip":0,"op":53,"w":1080,"h":1080,"nm":"Girl Runing","ddd":0,"assets":[{"id":"comp_0","layers":[{"ddd":0,"ind":1,"ty":0,"nm":"Leg Animation 2","refId":"comp_1","sr":1,"ks":{"o":{"a":0,"k":100,"ix":11},"r":{"a":0,"k":0,"ix":10},"p":{"a":0,"k":[540,540,0],"ix":2},"a":{"a":0,"k":[540,540,0],"ix":1},"s":{"a":0,"k":[100,100,100],"ix":6}},"ao":0,"w":1080,"h":1080,"ip":47,"op":74,"st":27,"bm":0},{"ddd":0,"ind":2,"ty":0,"nm":"Leg Animation","refId":"comp_2","sr":1,"ks":{"o":{"a":0,"k":100,"ix":11},"r":{"a":0,"k":0,"ix":10},"p":{"a":0,"k":[540,540,0],"ix":2},"a":{"a":0,"k":[540,540,0],"ix":1},"s":{"a":0,"k":[100,100,100],"ix":6}},"ao":0,"w":1080,"h":1080,"ip":20,"op":47,"st":0,"bm":0}]},{"id":"comp_1","layers":[{"ddd":0,"ind":1,"ty":4,"nm":"Left Leg","sr":1,"ks":{"o":{"a":0,"k":100,"ix":11},"r":{"a":0,"k":0,"ix":10},"p":{"a":0,"k":[549.533,523.995,0],"ix":2},"a":{"a":0,"k":[229.694,46.928,0],"ix":1},"s":{"a":0,"k":[100,100,100],"ix":6}},"ao":0,"shapes":[{"ty":"gr","it":[{"ind":0,"ty":"sh","ix":1,"ks":{"a":1,"k":[{"i":{"x":0.833,"y":0.833},"o":{"x":0.333,"y":0},"t":20,"s":[{"i":[[0,0],[-70.893,-53.763],[-2.881,-9.424],[0,0],[0,0],[4.591,38.955],[5.798,0.983],[-84.105,87.184]],"o":[[0,0],[7.851,5.954],[0,0],[0,0],[0,0],[-0.688,-5.841],[-38.771,-6.572],[0,0]],"v":[[144.944,-68.355],[224.423,-4.073],[233.259,17.468],[281.367,184.508],[242.218,197.46],[176.118,56.711],[168.751,50.339],[86.072,-106.178]],"c":true}]},{"i":{"x":0.833,"y":0.833},"o":{"x":0.167,"y":0.167},"t":24.588,"s":[{"i":[[0,0],[-8.108,-88.603],[0.906,-9.813],[0,0],[0,0],[-10.514,37.789],[3.184,4.944],[-99.105,76.184]],"o":[[0,0],[0.898,9.813],[0,0],[0,0],[0,0],[1.577,-5.666],[-21.293,-33.06],[0,0]],"v":[[144.944,-68.355],[196.941,43.964],[200.775,72.808],[211.677,215.325],[170.54,212.475],[148.353,90.907],[141.494,62.689],[86.072,-106.178]],"c":true}]},{"i":{"x":0.833,"y":0.833},"o":{"x":0.167,"y":0.167},"t":29.176,"s":[{"i":[[0,0],[15.305,-87.647],[3.436,-9.236],[0,0],[0,0],[-20.016,33.733],[1.783,5.604],[-69.605,44.184]],"o":[[0,0],[-1.695,9.707],[0,0],[0,0],[0,0],[3.001,-5.058],[-11.923,-37.473],[0,0]],"v":[[144.944,-68.355],[130.703,46.886],[126.874,75.731],[100.19,216.151],[61.223,202.66],[71.544,79.515],[72.29,50.485],[86.072,-106.178]],"c":true}]},{"i":{"x":0.833,"y":0.833},"o":{"x":0.167,"y":0.167},"t":33.766,"s":[{"i":[[0,0],[63.378,-62.446],[8.163,-5.521],[0,0],[0,0],[-35.889,15.828],[-1.805,5.597],[-69.605,44.184]],"o":[[0,0],[-7.019,6.916],[0,0],[0,0],[0,0],[5.381,-2.373],[12.066,-37.427],[0,0]],"v":[[144.944,-68.355],[54.979,61.89],[35.105,83.143],[-68.193,181.933],[-92.071,148.314],[-12.129,54.079],[5.344,30.884],[86.072,-106.178]],"c":true}]},{"i":{"x":0.667,"y":1},"o":{"x":0.167,"y":0.167},"t":39.883,"s":[{"i":[[0,0],[63.378,-62.446],[9.848,-0.348],[0,0],[0,0],[-38.819,-5.628],[-1.805,5.597],[-38.902,16.523]],"o":[[0,0],[-7.019,6.916],[0,0],[0,0],[0,0],[5.821,0.844],[12.066,-37.427],[0,0]],"v":[[144.944,-68.355],[34.229,97.639],[35.909,96.014],[-137.889,99.338],[-140.289,58.172],[-7.699,39.438],[5.344,30.884],[86.072,-106.178]],"c":true}]},{"t":46,"s":[{"i":[[0,0],[63.378,-62.446],[8.735,4.562],[0,0],[0,0],[-30.971,-24.07],[-1.805,5.597],[-38.902,16.523]],"o":[[0,0],[-7.019,6.916],[0,0],[0,0],[0,0],[4.644,3.609],[12.066,-37.427],[0,0]],"v":[[144.944,-68.355],[34.229,97.639],[7.81,101.617],[-144.944,18.653],[-126.695,-18.325],[-2.158,30.884],[5.344,30.884],[86.072,-106.178]],"c":true}]}],"ix":2},"nm":"Path 1","mn":"ADBE Vector Shape - Group","hd":false},{"ty":"fl","c":{"a":0,"k":[0.16862745098,0.349019607843,0.756862804936,1],"ix":4},"o":{"a":0,"k":100,"ix":5},"r":1,"bm":0,"nm":"Fill 1","mn":"ADBE Vector Graphic - Fill","hd":false},{"ty":"tr","p":{"a":0,"k":[145.194,106.428],"ix":2},"a":{"a":0,"k":[0,0],"ix":1},"s":{"a":0,"k":[100,100],"ix":3},"r":{"a":0,"k":0,"ix":6},"o":{"a":0,"k":100,"ix":7},"sk":{"a":0,"k":0,"ix":4},"sa":{"a":0,"k":0,"ix":5},"nm":"Transform"}],"nm":"Group 1","np":2,"cix":2,"bm":0,"ix":1,"mn":"ADBE Vector Group","hd":false}],"ip":20,"op":47,"st":20,"bm":0},{"ddd":0,"ind":2,"ty":4,"nm":"Left Foot Outlines","sr":1,"ks":{"o":{"a":0,"k":100,"ix":11},"r":{"a":1,"k":[{"i":{"x":[0.833],"y":[0.833]},"o":{"x":[0.167],"y":[0.167]},"t":20,"s":[0]},{"i":{"x":[0.833],"y":[0.833]},"o":{"x":[0.167],"y":[0.167]},"t":29.176,"s":[31]},{"i":{"x":[0.833],"y":[0.833]},"o":{"x":[0.167],"y":[0.167]},"t":33.766,"s":[61.545]},{"i":{"x":[0.833],"y":[0.833]},"o":{"x":[0.167],"y":[0.167]},"t":39.883,"s":[106.345]},{"t":46,"s":[150.445]}],"ix":10},"p":{"a":1,"k":[{"i":{"x":0.833,"y":0.833},"o":{"x":0.167,"y":0.167},"t":20,"s":[757.928,794.405,0],"to":[0,0,0],"ti":[0,0,0]},{"i":{"x":0.833,"y":0.833},"o":{"x":0.167,"y":0.167},"t":24.588,"s":[680.928,819.405,0],"to":[0,0,0],"ti":[0,0,0]},{"i":{"x":0.833,"y":0.833},"o":{"x":0.167,"y":0.167},"t":29.176,"s":[554.428,822.048,0],"to":[0,0,0],"ti":[0,0,0]},{"i":{"x":0.833,"y":0.833},"o":{"x":0.167,"y":0.167},"t":33.766,"s":[378.928,775.009,0],"to":[0,0,0],"ti":[0,0,0]},{"i":{"x":0.833,"y":0.833},"o":{"x":0.167,"y":0.167},"t":39.883,"s":[297.928,679.009,0],"to":[0,0,0],"ti":[0.613,17.504,0]},{"t":46,"s":[294.251,573.986,0]}],"ix":2},"a":{"a":0,"k":[34.594,32.71,0],"ix":1},"s":{"a":0,"k":[100,100,100],"ix":6}},"ao":0,"shapes":[{"ty":"gr","it":[{"ind":0,"ty":"sh","ix":1,"ks":{"a":0,"k":{"i":[[0,0],[0,0],[0,0],[0,0]],"o":[[0,0],[0,0],[0,0],[0,0]],"v":[[-30.058,15.734],[33.266,-6.662],[30.057,-15.734],[-33.266,6.663]],"c":true},"ix":2},"nm":"Path 1","mn":"ADBE Vector Shape - Group","hd":false},{"ty":"fl","c":{"a":0,"k":[1,0.117647058824,0.450980392157,1],"ix":4},"o":{"a":0,"k":100,"ix":5},"r":1,"bm":0,"nm":"Fill 1","mn":"ADBE Vector Graphic - Fill","hd":false},{"ty":"tr","p":{"a":0,"k":[35.672,49.435],"ix":2},"a":{"a":0,"k":[0,0],"ix":1},"s":{"a":0,"k":[100,100],"ix":3},"r":{"a":0,"k":0,"ix":6},"o":{"a":0,"k":100,"ix":7},"sk":{"a":0,"k":0,"ix":4},"sa":{"a":0,"k":0,"ix":5},"nm":"Transform"}],"nm":"Group 1","np":2,"cix":2,"bm":0,"ix":1,"mn":"ADBE Vector Group","hd":false},{"ty":"gr","it":[{"ind":0,"ty":"sh","ix":1,"ks":{"a":0,"k":{"i":[[0,0],[0,0]],"o":[[0,0],[0,0]],"v":[[1.635,-3.958],[-1.635,3.958]],"c":false},"ix":2},"nm":"Path 1","mn":"ADBE Vector Shape - Group","hd":false},{"ty":"st","c":{"a":0,"k":[1,1,1,1],"ix":3},"o":{"a":0,"k":100,"ix":4},"w":{"a":0,"k":1.817,"ix":5},"lc":2,"lj":1,"ml":10,"bm":0,"nm":"Stroke 1","mn":"ADBE Vector Graphic - Stroke","hd":false},{"ty":"fl","c":{"a":0,"k":[0.204000001795,0,0.383999992819,1],"ix":4},"o":{"a":0,"k":100,"ix":5},"r":1,"bm":0,"nm":"Fill 1","mn":"ADBE Vector Graphic - Fill","hd":false},{"ty":"tr","p":{"a":0,"k":[35.765,28.274],"ix":2},"a":{"a":0,"k":[0,0],"ix":1},"s":{"a":0,"k":[100,100],"ix":3},"r":{"a":0,"k":0,"ix":6},"o":{"a":0,"k":100,"ix":7},"sk":{"a":0,"k":0,"ix":4},"sa":{"a":0,"k":0,"ix":5},"nm":"Transform"}],"nm":"Group 2","np":3,"cix":2,"bm":0,"ix":2,"mn":"ADBE Vector Group","hd":false},{"ty":"gr","it":[{"ind":0,"ty":"sh","ix":1,"ks":{"a":0,"k":{"i":[[0,0],[0,0]],"o":[[0,0],[0,0]],"v":[[1.635,-3.957],[-1.635,3.957]],"c":false},"ix":2},"nm":"Path 1","mn":"ADBE Vector Shape - Group","hd":false},{"ty":"st","c":{"a":0,"k":[1,1,1,1],"ix":3},"o":{"a":0,"k":100,"ix":4},"w":{"a":0,"k":1.817,"ix":5},"lc":2,"lj":1,"ml":10,"bm":0,"nm":"Stroke 1","mn":"ADBE Vector Graphic - Stroke","hd":false},{"ty":"fl","c":{"a":0,"k":[0.204000001795,0,0.383999992819,1],"ix":4},"o":{"a":0,"k":100,"ix":5},"r":1,"bm":0,"nm":"Fill 1","mn":"ADBE Vector Graphic - Fill","hd":false},{"ty":"tr","p":{"a":0,"k":[31.039,25.943],"ix":2},"a":{"a":0,"k":[0,0],"ix":1},"s":{"a":0,"k":[100,100],"ix":3},"r":{"a":0,"k":0,"ix":6},"o":{"a":0,"k":100,"ix":7},"sk":{"a":0,"k":0,"ix":4},"sa":{"a":0,"k":0,"ix":5},"nm":"Transform"}],"nm":"Group 3","np":3,"cix":2,"bm":0,"ix":3,"mn":"ADBE Vector Group","hd":false},{"ty":"gr","it":[{"ind":0,"ty":"sh","ix":1,"ks":{"a":0,"k":{"i":[[-1.045,-0.554],[0,0],[1.654,-0.549],[9.632,-3.085],[0.008,1.227],[0.941,4.887],[-0.73,0.429],[0,0],[-0.398,-0.666],[-3.48,2.848],[-0.592,1.654]],"o":[[0,0],[1.651,0.559],[-13.552,4.489],[-1.168,0.374],[-0.04,-6.778],[-0.165,-0.86],[0,0],[0.655,-0.385],[2.086,3.478],[2.996,-2.453],[0.401,-1.116]],"v":[[-5.972,-17.587],[30.909,-5.108],[30.911,-1.665],[-28.862,17.767],[-31.221,16.053],[-32.399,-14.403],[-31.468,-16.548],[-31.464,-16.551],[-29.362,-16.451],[-16.114,-6.871],[-8.698,-16.555]],"c":true},"ix":2},"nm":"Path 1","mn":"ADBE Vector Shape - Group","hd":false},{"ty":"fl","c":{"a":0,"k":[0,0,0,1],"ix":4},"o":{"a":0,"k":100,"ix":5},"r":1,"bm":0,"nm":"Fill 1","mn":"ADBE Vector Graphic - Fill","hd":false},{"ty":"tr","p":{"a":0,"k":[33.635,38.413],"ix":2},"a":{"a":0,"k":[0,0],"ix":1},"s":{"a":0,"k":[100,100],"ix":3},"r":{"a":0,"k":0,"ix":6},"o":{"a":0,"k":100,"ix":7},"sk":{"a":0,"k":0,"ix":4},"sa":{"a":0,"k":0,"ix":5},"nm":"Transform"}],"nm":"Group 4","np":2,"cix":2,"bm":0,"ix":4,"mn":"ADBE Vector Group","hd":false},{"ty":"gr","it":[{"ind":0,"ty":"sh","ix":1,"ks":{"a":0,"k":{"i":[[0,0],[0,0],[-1.48,11.473],[0,0],[0,0]],"o":[[0,0],[0,0],[1.478,-11.472],[0,0],[0,0]],"v":[[-12.596,-18.06],[-7.179,1.997],[8.115,14.177],[12.596,-4.115],[2.606,-25.65]],"c":true},"ix":2},"nm":"Path 1","mn":"ADBE Vector Shape - Group","hd":false},{"ty":"fl","c":{"a":0,"k":[1,0.74900004069,0.709999952129,1],"ix":4},"o":{"a":0,"k":100,"ix":5},"r":1,"bm":0,"nm":"Fill 1","mn":"ADBE Vector Graphic - Fill","hd":false},{"ty":"tr","p":{"a":0,"k":[12.847,25.901],"ix":2},"a":{"a":0,"k":[0,0],"ix":1},"s":{"a":0,"k":[100,100],"ix":3},"r":{"a":0,"k":0,"ix":6},"o":{"a":0,"k":100,"ix":7},"sk":{"a":0,"k":0,"ix":4},"sa":{"a":0,"k":0,"ix":5},"nm":"Transform"}],"nm":"Group 5","np":2,"cix":2,"bm":0,"ix":5,"mn":"ADBE Vector Group","hd":false}],"ip":20,"op":47,"st":0,"bm":0},{"ddd":0,"ind":3,"ty":4,"nm":"Right Leg","sr":1,"ks":{"o":{"a":0,"k":100,"ix":11},"r":{"a":0,"k":0,"ix":10},"p":{"a":0,"k":[549.533,523.995,0],"ix":2},"a":{"a":0,"k":[229.694,46.928,0],"ix":1},"s":{"a":0,"k":[100,100,100],"ix":6}},"ao":0,"shapes":[{"ty":"gr","it":[{"ind":0,"ty":"sh","ix":1,"ks":{"a":1,"k":[{"i":{"x":0.833,"y":0.833},"o":{"x":0.333,"y":0},"t":20,"s":[{"i":[[0,0],[63.378,-62.446],[8.735,4.562],[0,0],[0,0],[-30.971,-24.07],[-1.805,5.597],[-38.902,16.523]],"o":[[0,0],[-7.019,6.916],[0,0],[0,0],[0,0],[4.644,3.609],[12.066,-37.427],[0,0]],"v":[[144.944,-68.355],[34.229,97.639],[7.81,101.617],[-144.944,18.653],[-126.695,-18.325],[-2.158,30.884],[5.344,30.884],[86.072,-106.178]],"c":true}]},{"i":{"x":0.833,"y":0.833},"o":{"x":0.167,"y":0.167},"t":30.705,"s":[{"i":[[0,0],[20.871,-86.491],[9.827,-0.735],[0,0],[0,0],[-39.01,-4.097],[1.421,5.706],[-56.605,35.184]],"o":[[0,0],[-2.312,9.579],[0,0],[0,0],[0,0],[5.849,0.614],[-9.505,-38.158],[0,0]],"v":[[144.944,-68.355],[116.857,83.491],[96.517,100.813],[-77.016,110.968],[-81.033,69.928],[50.718,45.995],[57.09,42.036],[86.072,-106.178]],"c":true}]},{"i":{"x":0.833,"y":0.833},"o":{"x":0.167,"y":0.167},"t":35.295,"s":[{"i":[[0,0],[-20.975,-86.466],[8.404,-5.146],[0,0],[0,0],[-36.568,14.189],[3.873,4.426],[-91.605,68.184]],"o":[[0,0],[2.323,9.576],[0,0],[0,0],[0,0],[5.483,-2.128],[-25.897,-29.592],[0,0]],"v":[[144.944,-68.355],[193.557,41.767],[183.384,66.472],[33.686,154.83],[11.353,120.166],[117.592,38.653],[121.449,32.218],[86.072,-106.178]],"c":true}]},{"i":{"x":0.667,"y":1},"o":{"x":0.167,"y":0.167},"t":41.412,"s":[{"i":[[0,0],[-70.893,-53.763],[3.262,-9.299],[0,0],[0,0],[-19.377,34.104],[5.798,0.983],[-84.105,87.184]],"o":[[0,0],[7.851,5.954],[0,0],[0,0],[0,0],[2.905,-5.114],[-38.771,-6.572],[0,0]],"v":[[144.944,-68.355],[224.423,-4.073],[232.148,21.502],[171.956,184.578],[132.742,171.822],[163.577,41.514],[162.501,34.089],[86.072,-106.178]],"c":true}]},{"t":46,"s":[{"i":[[0,0],[-70.893,-53.763],[-2.881,-9.424],[0,0],[0,0],[4.591,38.955],[5.798,0.983],[-84.105,87.184]],"o":[[0,0],[7.851,5.954],[0,0],[0,0],[0,0],[-0.688,-5.841],[-38.771,-6.572],[0,0]],"v":[[144.944,-68.355],[224.423,-4.073],[233.259,17.468],[281.367,184.508],[242.218,197.46],[176.118,56.711],[168.751,50.339],[86.072,-106.178]],"c":true}]}],"ix":2},"nm":"Path 1","mn":"ADBE Vector Shape - Group","hd":false},{"ty":"fl","c":{"a":0,"k":[0.086274509804,0.274509803922,0.690196078431,1],"ix":4},"o":{"a":0,"k":100,"ix":5},"r":1,"bm":0,"nm":"Fill 1","mn":"ADBE Vector Graphic - Fill","hd":false},{"ty":"tr","p":{"a":0,"k":[145.194,106.428],"ix":2},"a":{"a":0,"k":[0,0],"ix":1},"s":{"a":0,"k":[100,100],"ix":3},"r":{"a":0,"k":0,"ix":6},"o":{"a":0,"k":100,"ix":7},"sk":{"a":0,"k":0,"ix":4},"sa":{"a":0,"k":0,"ix":5},"nm":"Transform"}],"nm":"Group 1","np":2,"cix":2,"bm":0,"ix":1,"mn":"ADBE Vector Group","hd":false}],"ip":20,"op":47,"st":0,"bm":0},{"ddd":0,"ind":4,"ty":4,"nm":"Right Foot Outlines","sr":1,"ks":{"o":{"a":0,"k":100,"ix":11},"r":{"a":1,"k":[{"i":{"x":[0.833],"y":[0.833]},"o":{"x":[0.167],"y":[0.167]},"t":20,"s":[0]},{"i":{"x":[0.833],"y":[0.833]},"o":{"x":[0.167],"y":[0.167]},"t":30.705,"s":[-41]},{"i":{"x":[0.833],"y":[0.833]},"o":{"x":[0.167],"y":[0.167]},"t":35.295,"s":[-65]},{"i":{"x":[0.833],"y":[0.833]},"o":{"x":[0.167],"y":[0.167]},"t":41.412,"s":[-108]},{"t":46,"s":[-153.1]}],"ix":10},"p":{"a":1,"k":[{"i":{"x":0.833,"y":0.833},"o":{"x":0.167,"y":0.167},"t":20,"s":[297.751,562.736,0],"to":[5.116,8.499,0],"ti":[-10.671,-19.949,0]},{"i":{"x":0.833,"y":0.833},"o":{"x":0.167,"y":0.167},"t":24.588,"s":[310.737,600.422,0],"to":[11.406,21.322,0],"ti":[-13.949,-14.25,0]},{"i":{"x":0.833,"y":0.833},"o":{"x":0.167,"y":0.167},"t":30.705,"s":[357.751,679.486,0],"to":[27,27.583,0],"ti":[-41.583,-19.583,0]},{"i":{"x":0.833,"y":0.833},"o":{"x":0.167,"y":0.167},"t":35.295,"s":[456.251,739.486,0],"to":[41.583,19.583,0],"ti":[-48.904,-10.361,0]},{"i":{"x":0.833,"y":0.833},"o":{"x":0.167,"y":0.167},"t":41.412,"s":[607.251,796.986,0],"to":[24.309,5.15,0],"ti":[-26.407,0.21,0]},{"i":{"x":0.833,"y":0.833},"o":{"x":0.167,"y":0.167},"t":44,"s":[697.935,804.168,0],"to":[26.719,-0.212,0],"ti":[-11.938,-0.391,0]},{"t":46,"s":[749.678,801.655,0]}],"ix":2},"a":{"a":0,"k":[39.265,31.549,0],"ix":1},"s":{"a":0,"k":[100,100,100],"ix":6}},"ao":0,"shapes":[{"ty":"gr","it":[{"ind":0,"ty":"sh","ix":1,"ks":{"a":0,"k":{"i":[[0,0],[0,0],[0,0],[0,0]],"o":[[0,0],[0,0],[0,0],[0,0]],"v":[[-19.482,27.881],[26.51,-21.311],[19.482,-27.881],[-26.51,21.312]],"c":true},"ix":2},"nm":"Path 1","mn":"ADBE Vector Shape - Group","hd":false},{"ty":"fl","c":{"a":0,"k":[1,0.117647058824,0.450980392157,1],"ix":4},"o":{"a":0,"k":100,"ix":5},"r":1,"bm":0,"nm":"Fill 1","mn":"ADBE Vector Graphic - Fill","hd":false},{"ty":"tr","p":{"a":0,"k":[26.76,28.131],"ix":2},"a":{"a":0,"k":[0,0],"ix":1},"s":{"a":0,"k":[100,100],"ix":3},"r":{"a":0,"k":0,"ix":6},"o":{"a":0,"k":100,"ix":7},"sk":{"a":0,"k":0,"ix":4},"sa":{"a":0,"k":0,"ix":5},"nm":"Transform"}],"nm":"Group 1","np":2,"cix":2,"bm":0,"ix":1,"mn":"ADBE Vector Group","hd":false},{"ty":"gr","it":[{"ind":0,"ty":"sh","ix":1,"ks":{"a":0,"k":{"i":[[0,0],[0,0]],"o":[[0,0],[0,0]],"v":[[0.445,4.258],[-0.445,-4.258]],"c":false},"ix":2},"nm":"Path 1","mn":"ADBE Vector Shape - Group","hd":false},{"ty":"st","c":{"a":0,"k":[1,1,1,1],"ix":3},"o":{"a":0,"k":100,"ix":4},"w":{"a":0,"k":1.817,"ix":5},"lc":2,"lj":1,"ml":10,"bm":0,"nm":"Stroke 1","mn":"ADBE Vector Graphic - Stroke","hd":false},{"ty":"fl","c":{"a":0,"k":[0.204000001795,0,0.383999992819,1],"ix":4},"o":{"a":0,"k":100,"ix":5},"r":1,"bm":0,"nm":"Fill 1","mn":"ADBE Vector Graphic - Fill","hd":false},{"ty":"tr","p":{"a":0,"k":[37.678,46.849],"ix":2},"a":{"a":0,"k":[0,0],"ix":1},"s":{"a":0,"k":[100,100],"ix":3},"r":{"a":0,"k":0,"ix":6},"o":{"a":0,"k":100,"ix":7},"sk":{"a":0,"k":0,"ix":4},"sa":{"a":0,"k":0,"ix":5},"nm":"Transform"}],"nm":"Group 2","np":3,"cix":2,"bm":0,"ix":2,"mn":"ADBE Vector Group","hd":false},{"ty":"gr","it":[{"ind":0,"ty":"sh","ix":1,"ks":{"a":0,"k":{"i":[[0,0],[0,0]],"o":[[0,0],[0,0]],"v":[[0.445,4.258],[-0.445,-4.258]],"c":false},"ix":2},"nm":"Path 1","mn":"ADBE Vector Shape - Group","hd":false},{"ty":"st","c":{"a":0,"k":[1,1,1,1],"ix":3},"o":{"a":0,"k":100,"ix":4},"w":{"a":0,"k":1.817,"ix":5},"lc":2,"lj":1,"ml":10,"bm":0,"nm":"Stroke 1","mn":"ADBE Vector Graphic - Stroke","hd":false},{"ty":"fl","c":{"a":0,"k":[0.204000001795,0,0.383999992819,1],"ix":4},"o":{"a":0,"k":100,"ix":5},"r":1,"bm":0,"nm":"Fill 1","mn":"ADBE Vector Graphic - Fill","hd":false},{"ty":"tr","p":{"a":0,"k":[42.943,46.651],"ix":2},"a":{"a":0,"k":[0,0],"ix":1},"s":{"a":0,"k":[100,100],"ix":3},"r":{"a":0,"k":0,"ix":6},"o":{"a":0,"k":100,"ix":7},"sk":{"a":0,"k":0,"ix":4},"sa":{"a":0,"k":0,"ix":5},"nm":"Transform"}],"nm":"Group 3","np":3,"cix":2,"bm":0,"ix":3,"mn":"ADBE Vector Group","hd":false},{"ty":"gr","it":[{"ind":0,"ty":"sh","ix":1,"ks":{"a":0,"k":{"i":[[1.182,-0.011],[0,0],[-1.194,1.27],[-7.005,7.295],[-0.59,-1.075],[-3.152,-3.852],[0.437,-0.725],[0,0],[0.669,0.395],[1.706,-4.162],[-0.264,-1.735]],"o":[[0,0],[-1.719,0.294],[9.785,-10.394],[0.85,-0.885],[3.26,5.943],[0.554,0.677],[0,0],[-0.393,0.65],[-3.489,-2.068],[-1.469,3.582],[0.179,1.173]],"v":[[9.42,18.005],[-28.958,24.571],[-30.596,21.543],[12.737,-23.98],[15.628,-23.596],[31.151,2.634],[31.353,4.964],[31.35,4.967],[29.452,5.881],[13.243,3.756],[11.326,15.8]],"c":true},"ix":2},"nm":"Path 1","mn":"ADBE Vector Shape - Group","hd":false},{"ty":"fl","c":{"a":0,"k":[0,0,0,1],"ix":4},"o":{"a":0,"k":100,"ix":5},"r":1,"bm":0,"nm":"Fill 1","mn":"ADBE Vector Graphic - Fill","hd":false},{"ty":"tr","p":{"a":0,"k":[38.928,31.541],"ix":2},"a":{"a":0,"k":[0,0],"ix":1},"s":{"a":0,"k":[100,100],"ix":3},"r":{"a":0,"k":0,"ix":6},"o":{"a":0,"k":100,"ix":7},"sk":{"a":0,"k":0,"ix":4},"sa":{"a":0,"k":0,"ix":5},"nm":"Transform"}],"nm":"Group 4","np":2,"cix":2,"bm":0,"ix":4,"mn":"ADBE Vector Group","hd":false},{"ty":"gr","it":[{"ind":0,"ty":"sh","ix":1,"ks":{"a":0,"k":{"i":[[0,0],[0,0],[-7.428,-8.867],[0,0],[0,0]],"o":[[0,0],[0,0],[7.43,8.868],[0,0],[0,0]],"v":[[21.348,-0.551],[5.403,-11.757],[-13.92,-8.779],[-10.025,3.842],[15.701,17.645]],"c":true},"ix":2},"nm":"Path 1","mn":"ADBE Vector Shape - Group","hd":false},{"ty":"fl","c":{"a":0,"k":[1,0.74900004069,0.709999952129,1],"ix":4},"o":{"a":0,"k":100,"ix":5},"r":1,"bm":0,"nm":"Fill 1","mn":"ADBE Vector Graphic - Fill","hd":false},{"ty":"tr","p":{"a":0,"k":[56.931,45.202],"ix":2},"a":{"a":0,"k":[0,0],"ix":1},"s":{"a":0,"k":[100,100],"ix":3},"r":{"a":0,"k":0,"ix":6},"o":{"a":0,"k":100,"ix":7},"sk":{"a":0,"k":0,"ix":4},"sa":{"a":0,"k":0,"ix":5},"nm":"Transform"}],"nm":"Group 5","np":2,"cix":2,"bm":0,"ix":5,"mn":"ADBE Vector Group","hd":false}],"ip":20,"op":47,"st":0,"bm":0}]},{"id":"comp_2","layers":[{"ddd":0,"ind":1,"ty":4,"nm":"Right Leg","sr":1,"ks":{"o":{"a":0,"k":100,"ix":11},"r":{"a":0,"k":0,"ix":10},"p":{"a":0,"k":[549.533,523.995,0],"ix":2},"a":{"a":0,"k":[229.694,46.928,0],"ix":1},"s":{"a":0,"k":[100,100,100],"ix":6}},"ao":0,"shapes":[{"ty":"gr","it":[{"ind":0,"ty":"sh","ix":1,"ks":{"a":1,"k":[{"i":{"x":0.833,"y":0.833},"o":{"x":0.333,"y":0},"t":20,"s":[{"i":[[0,0],[63.378,-62.446],[8.735,4.562],[0,0],[0,0],[-30.971,-24.07],[-1.805,5.597],[-38.902,16.523]],"o":[[0,0],[-7.019,6.916],[0,0],[0,0],[0,0],[4.644,3.609],[12.066,-37.427],[0,0]],"v":[[144.944,-68.355],[34.229,97.639],[7.81,101.617],[-144.944,18.653],[-126.695,-18.325],[-2.158,30.884],[5.344,30.884],[86.072,-106.178]],"c":true}]},{"i":{"x":0.833,"y":0.833},"o":{"x":0.167,"y":0.167},"t":30.705,"s":[{"i":[[0,0],[20.871,-86.491],[9.827,-0.735],[0,0],[0,0],[-39.01,-4.097],[1.421,5.706],[-56.605,35.184]],"o":[[0,0],[-2.312,9.579],[0,0],[0,0],[0,0],[5.849,0.614],[-9.505,-38.158],[0,0]],"v":[[144.944,-68.355],[116.857,83.491],[96.517,100.813],[-77.016,110.968],[-81.033,69.928],[50.718,45.995],[57.09,42.036],[86.072,-106.178]],"c":true}]},{"i":{"x":0.833,"y":0.833},"o":{"x":0.167,"y":0.167},"t":35.295,"s":[{"i":[[0,0],[-20.975,-86.466],[8.404,-5.146],[0,0],[0,0],[-36.568,14.189],[3.873,4.426],[-91.605,68.184]],"o":[[0,0],[2.323,9.576],[0,0],[0,0],[0,0],[5.483,-2.128],[-25.897,-29.592],[0,0]],"v":[[144.944,-68.355],[193.557,41.767],[183.384,66.472],[33.686,154.83],[11.353,120.166],[117.592,38.653],[121.449,32.218],[86.072,-106.178]],"c":true}]},{"i":{"x":0.667,"y":1},"o":{"x":0.167,"y":0.167},"t":41.412,"s":[{"i":[[0,0],[-70.893,-53.763],[3.262,-9.299],[0,0],[0,0],[-19.377,34.104],[5.798,0.983],[-84.105,87.184]],"o":[[0,0],[7.851,5.954],[0,0],[0,0],[0,0],[2.905,-5.114],[-38.771,-6.572],[0,0]],"v":[[144.944,-68.355],[224.423,-4.073],[232.148,21.502],[171.956,184.578],[132.742,171.822],[163.577,41.514],[162.501,34.089],[86.072,-106.178]],"c":true}]},{"t":46,"s":[{"i":[[0,0],[-70.893,-53.763],[-2.881,-9.424],[0,0],[0,0],[4.591,38.955],[5.798,0.983],[-84.105,87.184]],"o":[[0,0],[7.851,5.954],[0,0],[0,0],[0,0],[-0.688,-5.841],[-38.771,-6.572],[0,0]],"v":[[144.944,-68.355],[224.423,-4.073],[233.259,17.468],[281.367,184.508],[242.218,197.46],[176.118,56.711],[168.751,50.339],[86.072,-106.178]],"c":true}]}],"ix":2},"nm":"Path 1","mn":"ADBE Vector Shape - Group","hd":false},{"ty":"fl","c":{"a":0,"k":[0.16862745098,0.349019607843,0.756862804936,1],"ix":4},"o":{"a":0,"k":100,"ix":5},"r":1,"bm":0,"nm":"Fill 1","mn":"ADBE Vector Graphic - Fill","hd":false},{"ty":"tr","p":{"a":0,"k":[145.194,106.428],"ix":2},"a":{"a":0,"k":[0,0],"ix":1},"s":{"a":0,"k":[100,100],"ix":3},"r":{"a":0,"k":0,"ix":6},"o":{"a":0,"k":100,"ix":7},"sk":{"a":0,"k":0,"ix":4},"sa":{"a":0,"k":0,"ix":5},"nm":"Transform"}],"nm":"Group 1","np":2,"cix":2,"bm":0,"ix":1,"mn":"ADBE Vector Group","hd":false}],"ip":20,"op":47,"st":0,"bm":0},{"ddd":0,"ind":2,"ty":4,"nm":"Right Foot Outlines","sr":1,"ks":{"o":{"a":0,"k":100,"ix":11},"r":{"a":1,"k":[{"i":{"x":[0.833],"y":[0.833]},"o":{"x":[0.167],"y":[0.167]},"t":20,"s":[0]},{"i":{"x":[0.833],"y":[0.833]},"o":{"x":[0.167],"y":[0.167]},"t":30.705,"s":[-41]},{"i":{"x":[0.833],"y":[0.833]},"o":{"x":[0.167],"y":[0.167]},"t":35.295,"s":[-65]},{"i":{"x":[0.833],"y":[0.833]},"o":{"x":[0.167],"y":[0.167]},"t":41.412,"s":[-108]},{"t":46,"s":[-153.1]}],"ix":10},"p":{"a":1,"k":[{"i":{"x":0.833,"y":0.833},"o":{"x":0.167,"y":0.167},"t":20,"s":[297.751,562.736,0],"to":[5.116,8.499,0],"ti":[-10.671,-19.949,0]},{"i":{"x":0.833,"y":0.833},"o":{"x":0.167,"y":0.167},"t":24.588,"s":[310.737,600.422,0],"to":[11.406,21.322,0],"ti":[-13.949,-14.25,0]},{"i":{"x":0.833,"y":0.833},"o":{"x":0.167,"y":0.167},"t":30.705,"s":[357.751,679.486,0],"to":[27,27.583,0],"ti":[-41.583,-19.583,0]},{"i":{"x":0.833,"y":0.833},"o":{"x":0.167,"y":0.167},"t":35.295,"s":[456.251,739.486,0],"to":[41.583,19.583,0],"ti":[-48.904,-10.361,0]},{"i":{"x":0.833,"y":0.833},"o":{"x":0.167,"y":0.167},"t":41.412,"s":[607.251,796.986,0],"to":[48.904,10.361,0],"ti":[-23.738,-0.778,0]},{"t":46,"s":[749.678,801.655,0]}],"ix":2},"a":{"a":0,"k":[39.265,31.549,0],"ix":1},"s":{"a":0,"k":[100,100,100],"ix":6}},"ao":0,"shapes":[{"ty":"gr","it":[{"ind":0,"ty":"sh","ix":1,"ks":{"a":0,"k":{"i":[[0,0],[0,0],[0,0],[0,0]],"o":[[0,0],[0,0],[0,0],[0,0]],"v":[[-19.482,27.881],[26.51,-21.311],[19.482,-27.881],[-26.51,21.312]],"c":true},"ix":2},"nm":"Path 1","mn":"ADBE Vector Shape - Group","hd":false},{"ty":"fl","c":{"a":0,"k":[1,0.117647058824,0.450980392157,1],"ix":4},"o":{"a":0,"k":100,"ix":5},"r":1,"bm":0,"nm":"Fill 1","mn":"ADBE Vector Graphic - Fill","hd":false},{"ty":"tr","p":{"a":0,"k":[26.76,28.131],"ix":2},"a":{"a":0,"k":[0,0],"ix":1},"s":{"a":0,"k":[100,100],"ix":3},"r":{"a":0,"k":0,"ix":6},"o":{"a":0,"k":100,"ix":7},"sk":{"a":0,"k":0,"ix":4},"sa":{"a":0,"k":0,"ix":5},"nm":"Transform"}],"nm":"Group 1","np":2,"cix":2,"bm":0,"ix":1,"mn":"ADBE Vector Group","hd":false},{"ty":"gr","it":[{"ind":0,"ty":"sh","ix":1,"ks":{"a":0,"k":{"i":[[0,0],[0,0]],"o":[[0,0],[0,0]],"v":[[0.445,4.258],[-0.445,-4.258]],"c":false},"ix":2},"nm":"Path 1","mn":"ADBE Vector Shape - Group","hd":false},{"ty":"st","c":{"a":0,"k":[1,1,1,1],"ix":3},"o":{"a":0,"k":100,"ix":4},"w":{"a":0,"k":1.817,"ix":5},"lc":2,"lj":1,"ml":10,"bm":0,"nm":"Stroke 1","mn":"ADBE Vector Graphic - Stroke","hd":false},{"ty":"fl","c":{"a":0,"k":[0.204000001795,0,0.383999992819,1],"ix":4},"o":{"a":0,"k":100,"ix":5},"r":1,"bm":0,"nm":"Fill 1","mn":"ADBE Vector Graphic - Fill","hd":false},{"ty":"tr","p":{"a":0,"k":[37.678,46.849],"ix":2},"a":{"a":0,"k":[0,0],"ix":1},"s":{"a":0,"k":[100,100],"ix":3},"r":{"a":0,"k":0,"ix":6},"o":{"a":0,"k":100,"ix":7},"sk":{"a":0,"k":0,"ix":4},"sa":{"a":0,"k":0,"ix":5},"nm":"Transform"}],"nm":"Group 2","np":3,"cix":2,"bm":0,"ix":2,"mn":"ADBE Vector Group","hd":false},{"ty":"gr","it":[{"ind":0,"ty":"sh","ix":1,"ks":{"a":0,"k":{"i":[[0,0],[0,0]],"o":[[0,0],[0,0]],"v":[[0.445,4.258],[-0.445,-4.258]],"c":false},"ix":2},"nm":"Path 1","mn":"ADBE Vector Shape - Group","hd":false},{"ty":"st","c":{"a":0,"k":[1,1,1,1],"ix":3},"o":{"a":0,"k":100,"ix":4},"w":{"a":0,"k":1.817,"ix":5},"lc":2,"lj":1,"ml":10,"bm":0,"nm":"Stroke 1","mn":"ADBE Vector Graphic - Stroke","hd":false},{"ty":"fl","c":{"a":0,"k":[0.204000001795,0,0.383999992819,1],"ix":4},"o":{"a":0,"k":100,"ix":5},"r":1,"bm":0,"nm":"Fill 1","mn":"ADBE Vector Graphic - Fill","hd":false},{"ty":"tr","p":{"a":0,"k":[42.943,46.651],"ix":2},"a":{"a":0,"k":[0,0],"ix":1},"s":{"a":0,"k":[100,100],"ix":3},"r":{"a":0,"k":0,"ix":6},"o":{"a":0,"k":100,"ix":7},"sk":{"a":0,"k":0,"ix":4},"sa":{"a":0,"k":0,"ix":5},"nm":"Transform"}],"nm":"Group 3","np":3,"cix":2,"bm":0,"ix":3,"mn":"ADBE Vector Group","hd":false},{"ty":"gr","it":[{"ind":0,"ty":"sh","ix":1,"ks":{"a":0,"k":{"i":[[1.182,-0.011],[0,0],[-1.194,1.27],[-7.005,7.295],[-0.59,-1.075],[-3.152,-3.852],[0.437,-0.725],[0,0],[0.669,0.395],[1.706,-4.162],[-0.264,-1.735]],"o":[[0,0],[-1.719,0.294],[9.785,-10.394],[0.85,-0.885],[3.26,5.943],[0.554,0.677],[0,0],[-0.393,0.65],[-3.489,-2.068],[-1.469,3.582],[0.179,1.173]],"v":[[9.42,18.005],[-28.958,24.571],[-30.596,21.543],[12.737,-23.98],[15.628,-23.596],[31.151,2.634],[31.353,4.964],[31.35,4.967],[29.452,5.881],[13.243,3.756],[11.326,15.8]],"c":true},"ix":2},"nm":"Path 1","mn":"ADBE Vector Shape - Group","hd":false},{"ty":"fl","c":{"a":0,"k":[0,0,0,1],"ix":4},"o":{"a":0,"k":100,"ix":5},"r":1,"bm":0,"nm":"Fill 1","mn":"ADBE Vector Graphic - Fill","hd":false},{"ty":"tr","p":{"a":0,"k":[38.928,31.541],"ix":2},"a":{"a":0,"k":[0,0],"ix":1},"s":{"a":0,"k":[100,100],"ix":3},"r":{"a":0,"k":0,"ix":6},"o":{"a":0,"k":100,"ix":7},"sk":{"a":0,"k":0,"ix":4},"sa":{"a":0,"k":0,"ix":5},"nm":"Transform"}],"nm":"Group 4","np":2,"cix":2,"bm":0,"ix":4,"mn":"ADBE Vector Group","hd":false},{"ty":"gr","it":[{"ind":0,"ty":"sh","ix":1,"ks":{"a":0,"k":{"i":[[0,0],[0,0],[-7.428,-8.867],[0,0],[0,0]],"o":[[0,0],[0,0],[7.43,8.868],[0,0],[0,0]],"v":[[21.348,-0.551],[5.403,-11.757],[-13.92,-8.779],[-10.025,3.842],[15.701,17.645]],"c":true},"ix":2},"nm":"Path 1","mn":"ADBE Vector Shape - Group","hd":false},{"ty":"fl","c":{"a":0,"k":[1,0.74900004069,0.709999952129,1],"ix":4},"o":{"a":0,"k":100,"ix":5},"r":1,"bm":0,"nm":"Fill 1","mn":"ADBE Vector Graphic - Fill","hd":false},{"ty":"tr","p":{"a":0,"k":[56.931,45.202],"ix":2},"a":{"a":0,"k":[0,0],"ix":1},"s":{"a":0,"k":[100,100],"ix":3},"r":{"a":0,"k":0,"ix":6},"o":{"a":0,"k":100,"ix":7},"sk":{"a":0,"k":0,"ix":4},"sa":{"a":0,"k":0,"ix":5},"nm":"Transform"}],"nm":"Group 5","np":2,"cix":2,"bm":0,"ix":5,"mn":"ADBE Vector Group","hd":false}],"ip":20,"op":47,"st":0,"bm":0},{"ddd":0,"ind":3,"ty":4,"nm":"Left Leg","sr":1,"ks":{"o":{"a":0,"k":100,"ix":11},"r":{"a":0,"k":0,"ix":10},"p":{"a":0,"k":[549.533,523.995,0],"ix":2},"a":{"a":0,"k":[229.694,46.928,0],"ix":1},"s":{"a":0,"k":[100,100,100],"ix":6}},"ao":0,"shapes":[{"ty":"gr","it":[{"ind":0,"ty":"sh","ix":1,"ks":{"a":1,"k":[{"i":{"x":0.833,"y":0.833},"o":{"x":0.333,"y":0},"t":20,"s":[{"i":[[0,0],[-70.893,-53.763],[-2.881,-9.424],[0,0],[0,0],[4.591,38.955],[5.798,0.983],[-84.105,87.184]],"o":[[0,0],[7.851,5.954],[0,0],[0,0],[0,0],[-0.688,-5.841],[-38.771,-6.572],[0,0]],"v":[[144.944,-68.355],[224.423,-4.073],[233.259,17.468],[281.367,184.508],[242.218,197.46],[176.118,56.711],[168.751,50.339],[86.072,-106.178]],"c":true}]},{"i":{"x":0.833,"y":0.833},"o":{"x":0.167,"y":0.167},"t":24.588,"s":[{"i":[[0,0],[-8.108,-88.603],[0.906,-9.813],[0,0],[0,0],[-10.514,37.789],[3.184,4.944],[-99.105,76.184]],"o":[[0,0],[0.898,9.813],[0,0],[0,0],[0,0],[1.577,-5.666],[-21.293,-33.06],[0,0]],"v":[[144.944,-68.355],[196.941,43.964],[200.775,72.808],[211.677,215.325],[170.54,212.475],[148.353,90.907],[141.494,62.689],[86.072,-106.178]],"c":true}]},{"i":{"x":0.833,"y":0.833},"o":{"x":0.167,"y":0.167},"t":29.176,"s":[{"i":[[0,0],[15.305,-87.647],[3.436,-9.236],[0,0],[0,0],[-20.016,33.733],[1.783,5.604],[-69.605,44.184]],"o":[[0,0],[-1.695,9.707],[0,0],[0,0],[0,0],[3.001,-5.058],[-11.923,-37.473],[0,0]],"v":[[144.944,-68.355],[130.703,46.886],[126.874,75.731],[100.19,216.151],[61.223,202.66],[71.544,79.515],[72.29,50.485],[86.072,-106.178]],"c":true}]},{"i":{"x":0.833,"y":0.833},"o":{"x":0.167,"y":0.167},"t":33.766,"s":[{"i":[[0,0],[63.378,-62.446],[8.163,-5.521],[0,0],[0,0],[-35.889,15.828],[-1.805,5.597],[-69.605,44.184]],"o":[[0,0],[-7.019,6.916],[0,0],[0,0],[0,0],[5.381,-2.373],[12.066,-37.427],[0,0]],"v":[[144.944,-68.355],[54.979,61.89],[35.105,83.143],[-68.193,181.933],[-92.071,148.314],[-12.129,54.079],[5.344,30.884],[86.072,-106.178]],"c":true}]},{"i":{"x":0.667,"y":1},"o":{"x":0.167,"y":0.167},"t":39.883,"s":[{"i":[[0,0],[63.378,-62.446],[9.848,-0.348],[0,0],[0,0],[-38.819,-5.628],[-1.805,5.597],[-38.902,16.523]],"o":[[0,0],[-7.019,6.916],[0,0],[0,0],[0,0],[5.821,0.844],[12.066,-37.427],[0,0]],"v":[[144.944,-68.355],[34.229,97.639],[35.909,96.014],[-137.889,99.338],[-140.289,58.172],[-7.699,39.438],[5.344,30.884],[86.072,-106.178]],"c":true}]},{"t":46,"s":[{"i":[[0,0],[63.378,-62.446],[8.735,4.562],[0,0],[0,0],[-30.971,-24.07],[-1.805,5.597],[-38.902,16.523]],"o":[[0,0],[-7.019,6.916],[0,0],[0,0],[0,0],[4.644,3.609],[12.066,-37.427],[0,0]],"v":[[144.944,-68.355],[34.229,97.639],[7.81,101.617],[-144.944,18.653],[-126.695,-18.325],[-2.158,30.884],[5.344,30.884],[86.072,-106.178]],"c":true}]}],"ix":2},"nm":"Path 1","mn":"ADBE Vector Shape - Group","hd":false},{"ty":"fl","c":{"a":0,"k":[0.087349304498,0.273279736089,0.688888848997,1],"ix":4},"o":{"a":0,"k":100,"ix":5},"r":1,"bm":0,"nm":"Fill 1","mn":"ADBE Vector Graphic - Fill","hd":false},{"ty":"tr","p":{"a":0,"k":[145.194,106.428],"ix":2},"a":{"a":0,"k":[0,0],"ix":1},"s":{"a":0,"k":[100,100],"ix":3},"r":{"a":0,"k":0,"ix":6},"o":{"a":0,"k":100,"ix":7},"sk":{"a":0,"k":0,"ix":4},"sa":{"a":0,"k":0,"ix":5},"nm":"Transform"}],"nm":"Group 1","np":2,"cix":2,"bm":0,"ix":1,"mn":"ADBE Vector Group","hd":false}],"ip":20,"op":47,"st":20,"bm":0},{"ddd":0,"ind":4,"ty":4,"nm":"Left Foot Outlines","sr":1,"ks":{"o":{"a":0,"k":100,"ix":11},"r":{"a":1,"k":[{"i":{"x":[0.833],"y":[0.833]},"o":{"x":[0.167],"y":[0.167]},"t":20,"s":[0]},{"i":{"x":[0.833],"y":[0.833]},"o":{"x":[0.167],"y":[0.167]},"t":29.176,"s":[31]},{"i":{"x":[0.833],"y":[0.833]},"o":{"x":[0.167],"y":[0.167]},"t":33.766,"s":[61.545]},{"i":{"x":[0.833],"y":[0.833]},"o":{"x":[0.167],"y":[0.167]},"t":39.883,"s":[106.345]},{"t":46,"s":[150.445]}],"ix":10},"p":{"a":1,"k":[{"i":{"x":0.833,"y":0.833},"o":{"x":0.167,"y":0.167},"t":20,"s":[757.928,794.405,0],"to":[0,0,0],"ti":[0,0,0]},{"i":{"x":0.833,"y":0.833},"o":{"x":0.167,"y":0.167},"t":24.588,"s":[680.928,819.405,0],"to":[0,0,0],"ti":[0,0,0]},{"i":{"x":0.833,"y":0.833},"o":{"x":0.167,"y":0.167},"t":29.176,"s":[554.428,822.048,0],"to":[0,0,0],"ti":[0,0,0]},{"i":{"x":0.833,"y":0.833},"o":{"x":0.167,"y":0.167},"t":33.766,"s":[378.928,775.009,0],"to":[0,0,0],"ti":[0,0,0]},{"i":{"x":0.833,"y":0.833},"o":{"x":0.167,"y":0.167},"t":39.883,"s":[297.928,679.009,0],"to":[0,0,0],"ti":[0.613,17.504,0]},{"t":46,"s":[294.251,573.986,0]}],"ix":2},"a":{"a":0,"k":[34.594,32.71,0],"ix":1},"s":{"a":0,"k":[100,100,100],"ix":6}},"ao":0,"shapes":[{"ty":"gr","it":[{"ind":0,"ty":"sh","ix":1,"ks":{"a":0,"k":{"i":[[0,0],[0,0],[0,0],[0,0]],"o":[[0,0],[0,0],[0,0],[0,0]],"v":[[-30.058,15.734],[33.266,-6.662],[30.057,-15.734],[-33.266,6.663]],"c":true},"ix":2},"nm":"Path 1","mn":"ADBE Vector Shape - Group","hd":false},{"ty":"fl","c":{"a":0,"k":[1,0.117647058824,0.450980392157,1],"ix":4},"o":{"a":0,"k":100,"ix":5},"r":1,"bm":0,"nm":"Fill 1","mn":"ADBE Vector Graphic - Fill","hd":false},{"ty":"tr","p":{"a":0,"k":[35.672,49.435],"ix":2},"a":{"a":0,"k":[0,0],"ix":1},"s":{"a":0,"k":[100,100],"ix":3},"r":{"a":0,"k":0,"ix":6},"o":{"a":0,"k":100,"ix":7},"sk":{"a":0,"k":0,"ix":4},"sa":{"a":0,"k":0,"ix":5},"nm":"Transform"}],"nm":"Group 1","np":2,"cix":2,"bm":0,"ix":1,"mn":"ADBE Vector Group","hd":false},{"ty":"gr","it":[{"ind":0,"ty":"sh","ix":1,"ks":{"a":0,"k":{"i":[[0,0],[0,0]],"o":[[0,0],[0,0]],"v":[[1.635,-3.958],[-1.635,3.958]],"c":false},"ix":2},"nm":"Path 1","mn":"ADBE Vector Shape - Group","hd":false},{"ty":"st","c":{"a":0,"k":[1,1,1,1],"ix":3},"o":{"a":0,"k":100,"ix":4},"w":{"a":0,"k":1.817,"ix":5},"lc":2,"lj":1,"ml":10,"bm":0,"nm":"Stroke 1","mn":"ADBE Vector Graphic - Stroke","hd":false},{"ty":"fl","c":{"a":0,"k":[0.204000001795,0,0.383999992819,1],"ix":4},"o":{"a":0,"k":100,"ix":5},"r":1,"bm":0,"nm":"Fill 1","mn":"ADBE Vector Graphic - Fill","hd":false},{"ty":"tr","p":{"a":0,"k":[35.765,28.274],"ix":2},"a":{"a":0,"k":[0,0],"ix":1},"s":{"a":0,"k":[100,100],"ix":3},"r":{"a":0,"k":0,"ix":6},"o":{"a":0,"k":100,"ix":7},"sk":{"a":0,"k":0,"ix":4},"sa":{"a":0,"k":0,"ix":5},"nm":"Transform"}],"nm":"Group 2","np":3,"cix":2,"bm":0,"ix":2,"mn":"ADBE Vector Group","hd":false},{"ty":"gr","it":[{"ind":0,"ty":"sh","ix":1,"ks":{"a":0,"k":{"i":[[0,0],[0,0]],"o":[[0,0],[0,0]],"v":[[1.635,-3.957],[-1.635,3.957]],"c":false},"ix":2},"nm":"Path 1","mn":"ADBE Vector Shape - Group","hd":false},{"ty":"st","c":{"a":0,"k":[1,1,1,1],"ix":3},"o":{"a":0,"k":100,"ix":4},"w":{"a":0,"k":1.817,"ix":5},"lc":2,"lj":1,"ml":10,"bm":0,"nm":"Stroke 1","mn":"ADBE Vector Graphic - Stroke","hd":false},{"ty":"fl","c":{"a":0,"k":[0.204000001795,0,0.383999992819,1],"ix":4},"o":{"a":0,"k":100,"ix":5},"r":1,"bm":0,"nm":"Fill 1","mn":"ADBE Vector Graphic - Fill","hd":false},{"ty":"tr","p":{"a":0,"k":[31.039,25.943],"ix":2},"a":{"a":0,"k":[0,0],"ix":1},"s":{"a":0,"k":[100,100],"ix":3},"r":{"a":0,"k":0,"ix":6},"o":{"a":0,"k":100,"ix":7},"sk":{"a":0,"k":0,"ix":4},"sa":{"a":0,"k":0,"ix":5},"nm":"Transform"}],"nm":"Group 3","np":3,"cix":2,"bm":0,"ix":3,"mn":"ADBE Vector Group","hd":false},{"ty":"gr","it":[{"ind":0,"ty":"sh","ix":1,"ks":{"a":0,"k":{"i":[[-1.045,-0.554],[0,0],[1.654,-0.549],[9.632,-3.085],[0.008,1.227],[0.941,4.887],[-0.73,0.429],[0,0],[-0.398,-0.666],[-3.48,2.848],[-0.592,1.654]],"o":[[0,0],[1.651,0.559],[-13.552,4.489],[-1.168,0.374],[-0.04,-6.778],[-0.165,-0.86],[0,0],[0.655,-0.385],[2.086,3.478],[2.996,-2.453],[0.401,-1.116]],"v":[[-5.972,-17.587],[30.909,-5.108],[30.911,-1.665],[-28.862,17.767],[-31.221,16.053],[-32.399,-14.403],[-31.468,-16.548],[-31.464,-16.551],[-29.362,-16.451],[-16.114,-6.871],[-8.698,-16.555]],"c":true},"ix":2},"nm":"Path 1","mn":"ADBE Vector Shape - Group","hd":false},{"ty":"fl","c":{"a":0,"k":[0,0,0,1],"ix":4},"o":{"a":0,"k":100,"ix":5},"r":1,"bm":0,"nm":"Fill 1","mn":"ADBE Vector Graphic - Fill","hd":false},{"ty":"tr","p":{"a":0,"k":[33.635,38.413],"ix":2},"a":{"a":0,"k":[0,0],"ix":1},"s":{"a":0,"k":[100,100],"ix":3},"r":{"a":0,"k":0,"ix":6},"o":{"a":0,"k":100,"ix":7},"sk":{"a":0,"k":0,"ix":4},"sa":{"a":0,"k":0,"ix":5},"nm":"Transform"}],"nm":"Group 4","np":2,"cix":2,"bm":0,"ix":4,"mn":"ADBE Vector Group","hd":false},{"ty":"gr","it":[{"ind":0,"ty":"sh","ix":1,"ks":{"a":0,"k":{"i":[[0,0],[0,0],[-1.48,11.473],[0,0],[0,0]],"o":[[0,0],[0,0],[1.478,-11.472],[0,0],[0,0]],"v":[[-12.596,-18.06],[-7.179,1.997],[8.115,14.177],[12.596,-4.115],[2.606,-25.65]],"c":true},"ix":2},"nm":"Path 1","mn":"ADBE Vector Shape - Group","hd":false},{"ty":"fl","c":{"a":0,"k":[1,0.74900004069,0.709999952129,1],"ix":4},"o":{"a":0,"k":100,"ix":5},"r":1,"bm":0,"nm":"Fill 1","mn":"ADBE Vector Graphic - Fill","hd":false},{"ty":"tr","p":{"a":0,"k":[12.847,25.901],"ix":2},"a":{"a":0,"k":[0,0],"ix":1},"s":{"a":0,"k":[100,100],"ix":3},"r":{"a":0,"k":0,"ix":6},"o":{"a":0,"k":100,"ix":7},"sk":{"a":0,"k":0,"ix":4},"sa":{"a":0,"k":0,"ix":5},"nm":"Transform"}],"nm":"Group 5","np":2,"cix":2,"bm":0,"ix":5,"mn":"ADBE Vector Group","hd":false}],"ip":20,"op":47,"st":0,"bm":0}]}],"layers":[{"ddd":0,"ind":1,"ty":4,"nm":"Ground","sr":1,"ks":{"o":{"a":0,"k":100,"ix":11},"r":{"a":0,"k":0,"ix":10},"p":{"a":0,"k":[540,536,0],"ix":2},"a":{"a":0,"k":[0,0,0],"ix":1},"s":{"a":0,"k":[100,100,100],"ix":6}},"ao":0,"shapes":[{"ty":"gr","it":[{"ind":0,"ty":"sh","ix":1,"ks":{"a":0,"k":{"i":[[0,3],[0,0]],"o":[[0,-3],[0,0]],"v":[[-255.5,323.5],[277,319]],"c":false},"ix":2},"nm":"Path 1","mn":"ADBE Vector Shape - Group","hd":false},{"ty":"st","c":{"a":0,"k":[0.149019996793,0.196077997544,0.219607992733,1],"ix":3},"o":{"a":0,"k":100,"ix":4},"w":{"a":0,"k":8,"ix":5},"lc":2,"lj":1,"ml":4,"bm":0,"nm":"Stroke 1","mn":"ADBE Vector Graphic - Stroke","hd":false},{"ty":"tr","p":{"a":0,"k":[0,0],"ix":2},"a":{"a":0,"k":[0,0],"ix":1},"s":{"a":0,"k":[100,100],"ix":3},"r":{"a":0,"k":0,"ix":6},"o":{"a":0,"k":100,"ix":7},"sk":{"a":0,"k":0,"ix":4},"sa":{"a":0,"k":0,"ix":5},"nm":"Transform"}],"nm":"Shape 1","np":3,"cix":2,"bm":0,"ix":1,"mn":"ADBE Vector Group","hd":false}],"ip":0,"op":120,"st":0,"bm":0},{"ddd":0,"ind":2,"ty":4,"nm":"Cap","parent":5,"sr":1,"ks":{"o":{"a":0,"k":100,"ix":11},"r":{"a":0,"k":0,"ix":10},"p":{"a":0,"k":[25.139,214.107,0],"ix":2},"a":{"a":0,"k":[0,0,0],"ix":1},"s":{"a":0,"k":[100,100,100],"ix":6}},"ao":0,"shapes":[{"ty":"gr","it":[{"ind":0,"ty":"sh","ix":1,"ks":{"a":0,"k":{"i":[[0,0],[0,0],[0,0],[0,0]],"o":[[0,0],[0,0],[0,0],[0,0]],"v":[[51.25,-271.5],[49.978,-267.302],[74.75,-263.75],[74.5,-269.375]],"c":true},"ix":2},"nm":"Path 1","mn":"ADBE Vector Shape - Group","hd":false},{"ty":"st","c":{"a":0,"k":[0.149019996793,0.196077997544,0.219607992733,1],"ix":3},"o":{"a":0,"k":100,"ix":4},"w":{"a":0,"k":0,"ix":5},"lc":1,"lj":1,"ml":4,"bm":0,"nm":"Stroke 1","mn":"ADBE Vector Graphic - Stroke","hd":false},{"ty":"fl","c":{"a":0,"k":[0.83790845684,0.053669948204,0.348912556966,1],"ix":4},"o":{"a":0,"k":100,"ix":5},"r":1,"bm":0,"nm":"Fill 1","mn":"ADBE Vector Graphic - Fill","hd":false},{"ty":"tr","p":{"a":0,"k":[0,0],"ix":2},"a":{"a":0,"k":[0,0],"ix":1},"s":{"a":0,"k":[100,100],"ix":3},"r":{"a":0,"k":0,"ix":6},"o":{"a":0,"k":100,"ix":7},"sk":{"a":0,"k":0,"ix":4},"sa":{"a":0,"k":0,"ix":5},"nm":"Transform"}],"nm":"Shape 2","np":3,"cix":2,"bm":0,"ix":1,"mn":"ADBE Vector Group","hd":false},{"ty":"gr","it":[{"ind":0,"ty":"sh","ix":1,"ks":{"a":0,"k":{"i":[[9.931,3.859],[0,0],[-16.64,-0.252]],"o":[[-57.75,-22.438],[0,0],[2.25,-16.563]],"v":[[121.563,-288.438],[74.5,-263.5],[129.625,-258.938]],"c":true},"ix":2},"nm":"Path 1","mn":"ADBE Vector Shape - Group","hd":false},{"ty":"st","c":{"a":0,"k":[0.149019996793,0.196077997544,0.219607992733,1],"ix":3},"o":{"a":0,"k":100,"ix":4},"w":{"a":0,"k":0,"ix":5},"lc":1,"lj":1,"ml":4,"bm":0,"nm":"Stroke 1","mn":"ADBE Vector Graphic - Stroke","hd":false},{"ty":"fl","c":{"a":0,"k":[0.83790845684,0.053669948204,0.348912556966,1],"ix":4},"o":{"a":0,"k":100,"ix":5},"r":1,"bm":0,"nm":"Fill 1","mn":"ADBE Vector Graphic - Fill","hd":false},{"ty":"tr","p":{"a":0,"k":[0,0],"ix":2},"a":{"a":0,"k":[0,0],"ix":1},"s":{"a":0,"k":[100,100],"ix":3},"r":{"a":0,"k":0,"ix":6},"o":{"a":0,"k":100,"ix":7},"sk":{"a":0,"k":0,"ix":4},"sa":{"a":0,"k":0,"ix":5},"nm":"Transform"}],"nm":"Shape 1","np":3,"cix":2,"bm":0,"ix":2,"mn":"ADBE Vector Group","hd":false}],"ip":0,"op":120,"st":0,"bm":0},{"ddd":0,"ind":3,"ty":4,"nm":"Right Hand Sleeve Outlines","parent":4,"sr":1,"ks":{"o":{"a":0,"k":100,"ix":11},"r":{"a":0,"k":0,"ix":10},"p":{"a":0,"k":[18.572,12.018,0],"ix":2},"a":{"a":0,"k":[34.216,27.647,0],"ix":1},"s":{"a":0,"k":[100,100,100],"ix":6}},"ao":0,"shapes":[{"ty":"gr","it":[{"ind":0,"ty":"sh","ix":1,"ks":{"a":0,"k":{"i":[[0,0],[26.411,-11.034],[-1.599,-28.205]],"o":[[-0.061,-0.369],[-8.529,3.563],[0,0]],"v":[[33.967,22.396],[-5.113,-16.363],[-25.098,27.802]],"c":true},"ix":2},"nm":"Path 1","mn":"ADBE Vector Shape - Group","hd":false},{"ty":"fl","c":{"a":0,"k":[0.890196078431,0.045382488475,0.36556300743,1],"ix":4},"o":{"a":0,"k":100,"ix":5},"r":1,"bm":0,"nm":"Fill 1","mn":"ADBE Vector Graphic - Fill","hd":false},{"ty":"tr","p":{"a":0,"k":[34.216,27.648],"ix":2},"a":{"a":0,"k":[0,0],"ix":1},"s":{"a":0,"k":[100,100],"ix":3},"r":{"a":0,"k":0,"ix":6},"o":{"a":0,"k":100,"ix":7},"sk":{"a":0,"k":0,"ix":4},"sa":{"a":0,"k":0,"ix":5},"nm":"Transform"}],"nm":"Group 1","np":2,"cix":2,"bm":0,"ix":1,"mn":"ADBE Vector Group","hd":false}],"ip":0,"op":54,"st":-20,"bm":0},{"ddd":0,"ind":4,"ty":4,"nm":"Right Hand Outlines","parent":5,"sr":1,"ks":{"o":{"a":0,"k":100,"ix":11},"r":{"a":1,"k":[{"i":{"x":[0.667],"y":[1]},"o":{"x":[0.333],"y":[0]},"t":0,"s":[0]},{"i":{"x":[0.667],"y":[1]},"o":{"x":[0.167],"y":[0]},"t":26,"s":[78]},{"t":53,"s":[0]}],"ix":10},"p":{"a":0,"k":[79.073,53.105,0],"ix":2},"a":{"a":0,"k":[19.392,19.747,0],"ix":1},"s":{"a":0,"k":[100,100,100],"ix":6}},"ao":0,"shapes":[{"ty":"gr","it":[{"ind":0,"ty":"sh","ix":1,"ks":{"a":0,"k":{"i":[[-3.293,0.215],[-2.104,-1.145],[-30.224,-7.559],[-2.52,0.06],[2.677,-3.696],[-1.27,-0.302],[-0.969,-1.303],[3.496,0.191],[-0.017,-0.066],[0,0],[21.794,3.142],[1.998,-0.647],[4.099,0.469],[-0.071,-0.198],[-0.493,-0.663],[0,0],[0,0],[0.145,-0.002],[3.227,0.364],[5.362,11.707],[1.532,5.976],[0,0]],"o":[[0.27,29.649],[14.38,7.824],[3.853,-2.575],[2.432,-0.058],[1.604,0.39],[6.416,0.601],[1.22,1.638],[0.018,0.067],[0,0],[0,0],[0,0],[-1.46,0.473],[0.085,0.212],[3.57,1.203],[0.717,0.962],[0,0],[-0.14,0.003],[-6.05,0.081],[-54.451,-6.127],[-2.224,-4.852],[0,0],[3.318,-0.254]],"v":[[-61.788,-67.497],[-45.77,14.637],[55.53,45.059],[67.419,39.048],[64.353,47.239],[68.664,48.278],[85.54,51.285],[71.649,52.214],[71.702,52.414],[88.123,56.42],[73.348,57.07],[88.786,62.82],[75.43,62.019],[75.665,62.634],[85.543,66.536],[70.208,67.458],[70.088,67.138],[69.674,67.148],[43.172,64.586],[-75.777,50.895],[-91.116,-9.705],[-95.142,-53.793]],"c":true},"ix":2},"nm":"Path 1","mn":"ADBE Vector Shape - Group","hd":false},{"ty":"fl","c":{"a":0,"k":[1,0.74900004069,0.709999952129,1],"ix":4},"o":{"a":0,"k":100,"ix":5},"r":1,"bm":0,"nm":"Fill 1","mn":"ADBE Vector Graphic - Fill","hd":false},{"ty":"tr","p":{"a":0,"k":[95.392,67.748],"ix":2},"a":{"a":0,"k":[0,0],"ix":1},"s":{"a":0,"k":[100,100],"ix":3},"r":{"a":0,"k":0,"ix":6},"o":{"a":0,"k":100,"ix":7},"sk":{"a":0,"k":0,"ix":4},"sa":{"a":0,"k":0,"ix":5},"nm":"Transform"}],"nm":"Group 1","np":2,"cix":2,"bm":0,"ix":1,"mn":"ADBE Vector Group","hd":false}],"ip":0,"op":54,"st":-20,"bm":0},{"ddd":0,"ind":5,"ty":4,"nm":"Body Outlines","sr":1,"ks":{"o":{"a":0,"k":100,"ix":11},"r":{"a":0,"k":0,"ix":10},"p":{"a":1,"k":[{"i":{"x":0.667,"y":1},"o":{"x":0.167,"y":0},"t":0,"s":[581.525,410.641,0],"to":[0,-0.189,0],"ti":[0,0.483,0]},{"i":{"x":0.667,"y":1},"o":{"x":0.333,"y":0},"t":10,"s":[581.525,447.564,0],"to":[0,-1.215,0],"ti":[0,0.667,0]},{"i":{"x":0.667,"y":1},"o":{"x":0.333,"y":0},"t":24,"s":[581.525,410.641,0],"to":[0,-0.189,0],"ti":[0,0.483,0]},{"i":{"x":0.667,"y":1},"o":{"x":0.333,"y":0},"t":37,"s":[581.525,447.564,0],"to":[0,-1.215,0],"ti":[0,0.667,0]},{"t":53,"s":[581.525,410.641,0]}],"ix":2},"a":{"a":0,"k":[66.664,84.748,0],"ix":1},"s":{"a":0,"k":[100,100,100],"ix":6}},"ao":0,"shapes":[{"ty":"gr","it":[{"ind":0,"ty":"sh","ix":1,"ks":{"a":1,"k":[{"i":{"x":0.833,"y":0.833},"o":{"x":0.167,"y":0.167},"t":0,"s":[{"i":[[0,0],[22.869,-25.223],[6.102,-10.817],[0,0],[-6.379,15.269],[1.883,12.236],[4.741,8.694]],"o":[[0,0],[-26.453,29.174],[0,0],[0,0],[6.61,-15.818],[-1.883,-12.236],[0.627,16.314]],"v":[[21.863,-84.499],[-32.796,-27.562],[-66.414,16.28],[28.452,84.499],[51.354,25.308],[64.531,-12.026],[44.766,-66.615]],"c":true}]},{"i":{"x":0.833,"y":0.833},"o":{"x":0.167,"y":0.167},"t":10,"s":[{"i":[[0,0],[9.311,-32.749],[6.102,-10.817],[0,0],[-6.379,15.269],[1.883,12.236],[4.741,8.694]],"o":[[0,0],[-11.229,39.498],[0,0],[0,0],[6.61,-15.818],[-1.883,-12.236],[0.627,16.314]],"v":[[21.863,-84.499],[-31.796,-26.062],[-48.914,39.78],[28.452,84.499],[51.354,25.308],[64.531,-12.026],[44.766,-66.615]],"c":true}]},{"i":{"x":0.833,"y":0.833},"o":{"x":0.167,"y":0.167},"t":24,"s":[{"i":[[0,0],[9.311,-32.749],[6.102,-10.817],[0,0],[-6.379,15.269],[1.883,12.236],[4.741,8.694]],"o":[[0,0],[-11.229,39.498],[0,0],[0,0],[6.61,-15.818],[-1.883,-12.236],[0.627,16.314]],"v":[[21.863,-84.499],[-31.796,-26.062],[-39.414,33.78],[28.452,84.499],[51.354,25.308],[64.531,-12.026],[44.766,-66.615]],"c":true}]},{"i":{"x":0.833,"y":0.833},"o":{"x":0.167,"y":0.167},"t":37,"s":[{"i":[[0,0],[9.311,-32.749],[6.102,-10.817],[0,0],[-6.379,15.269],[1.883,12.236],[4.741,8.694]],"o":[[0,0],[-11.229,39.498],[0,0],[0,0],[6.61,-15.818],[-1.883,-12.236],[0.627,16.314]],"v":[[21.863,-84.499],[-31.796,-26.062],[-59.914,45.28],[28.452,84.499],[51.354,25.308],[64.531,-12.026],[44.766,-66.615]],"c":true}]},{"t":53,"s":[{"i":[[0,0],[22.869,-25.223],[6.102,-10.817],[0,0],[-6.379,15.269],[1.883,12.236],[4.741,8.694]],"o":[[0,0],[-26.453,29.174],[0,0],[0,0],[6.61,-15.818],[-1.883,-12.236],[0.627,16.314]],"v":[[21.863,-84.499],[-32.796,-27.562],[-66.414,16.28],[28.452,84.499],[51.354,25.308],[64.531,-12.026],[44.766,-66.615]],"c":true}]}],"ix":2},"nm":"Path 1","mn":"ADBE Vector Shape - Group","hd":false},{"ty":"fl","c":{"a":0,"k":[0.945098039216,0.085244077795,0.410077801873,1],"ix":4},"o":{"a":0,"k":100,"ix":5},"r":1,"bm":0,"nm":"Fill 1","mn":"ADBE Vector Graphic - Fill","hd":false},{"ty":"tr","p":{"a":0,"k":[66.664,84.749],"ix":2},"a":{"a":0,"k":[0,0],"ix":1},"s":{"a":0,"k":[100,100],"ix":3},"r":{"a":0,"k":0,"ix":6},"o":{"a":0,"k":100,"ix":7},"sk":{"a":0,"k":0,"ix":4},"sa":{"a":0,"k":0,"ix":5},"nm":"Transform"}],"nm":"Group 1","np":2,"cix":2,"bm":0,"ix":1,"mn":"ADBE Vector Group","hd":false}],"ip":0,"op":54,"st":-20,"bm":0},{"ddd":0,"ind":6,"ty":4,"nm":"Belly Outlines","parent":5,"sr":1,"ks":{"o":{"a":0,"k":100,"ix":11},"r":{"a":0,"k":0,"ix":10},"p":{"a":0,"k":[65.173,148.178,0],"ix":2},"a":{"a":0,"k":[30.245,21.356,0],"ix":1},"s":{"a":0,"k":[100,100,100],"ix":6}},"ao":0,"shapes":[{"ty":"gr","it":[{"ind":0,"ty":"sh","ix":1,"ks":{"a":0,"k":{"i":[[0,0],[0,0],[0,0],[0,0]],"o":[[0,0],[0,0],[0,0],[0,0]],"v":[[29.995,21.106],[37.987,-1.89],[-11.66,-35.106],[-29.995,-15.688]],"c":false},"ix":2},"nm":"Path 1","mn":"ADBE Vector Shape - Group","hd":false},{"ty":"fl","c":{"a":0,"k":[1,0.74900004069,0.709999952129,1],"ix":4},"o":{"a":0,"k":100,"ix":5},"r":1,"bm":0,"nm":"Fill 1","mn":"ADBE Vector Graphic - Fill","hd":false},{"ty":"tr","p":{"a":0,"k":[30.245,21.356],"ix":2},"a":{"a":0,"k":[0,0],"ix":1},"s":{"a":0,"k":[100,100],"ix":3},"r":{"a":0,"k":0,"ix":6},"o":{"a":0,"k":100,"ix":7},"sk":{"a":0,"k":0,"ix":4},"sa":{"a":0,"k":0,"ix":5},"nm":"Transform"}],"nm":"Group 1","np":2,"cix":2,"bm":0,"ix":1,"mn":"ADBE Vector Group","hd":false}],"ip":0,"op":54,"st":-20,"bm":0},{"ddd":0,"ind":7,"ty":4,"nm":"Head Outlines","parent":5,"sr":1,"ks":{"o":{"a":0,"k":100,"ix":11},"r":{"a":0,"k":0,"ix":10},"p":{"a":0,"k":[53.433,-29.613,0],"ix":2},"a":{"a":0,"k":[111.988,64.936,0],"ix":1},"s":{"a":0,"k":[100,100,100],"ix":6}},"ao":0,"shapes":[{"ty":"gr","it":[{"ind":0,"ty":"sh","ix":1,"ks":{"a":0,"k":{"i":[[0.375,-1.85],[-1.063,-0.152],[-0.373,1.85],[1.063,0.154]],"o":[[-0.375,1.85],[1.063,0.152],[0.373,-1.85],[-1.063,-0.154]],"v":[[-1.287,0.179],[-0.037,3.806],[2.566,0.733],[1.317,-2.893]],"c":true},"ix":2},"nm":"Path 1","mn":"ADBE Vector Shape - Group","hd":false},{"ty":"fl","c":{"a":0,"k":[0.093999997307,0.125,0.238999998803,1],"ix":4},"o":{"a":0,"k":100,"ix":5},"r":1,"bm":0,"nm":"Fill 1","mn":"ADBE Vector Graphic - Fill","hd":false},{"ty":"tr","p":{"a":0,"k":[206.443,64.925],"ix":2},"a":{"a":0,"k":[0,0],"ix":1},"s":{"a":0,"k":[100,100],"ix":3},"r":{"a":0,"k":0,"ix":6},"o":{"a":0,"k":100,"ix":7},"sk":{"a":0,"k":0,"ix":4},"sa":{"a":0,"k":0,"ix":5},"nm":"Transform"}],"nm":"Group 1","np":2,"cix":2,"bm":0,"ix":1,"mn":"ADBE Vector Group","hd":false},{"ty":"gr","it":[{"ind":0,"ty":"sh","ix":1,"ks":{"a":0,"k":{"i":[[0.267,-2.153],[-0.882,-0.161],[-0.266,2.153],[0.88,0.161]],"o":[[-0.267,2.153],[0.882,0.161],[0.267,-2.155],[-0.882,-0.161]],"v":[[-1.684,0.185],[-0.569,4.375],[1.511,0.767],[0.398,-3.425]],"c":true},"ix":2},"nm":"Path 1","mn":"ADBE Vector Shape - Group","hd":false},{"ty":"fl","c":{"a":0,"k":[0.093999997307,0.125,0.238999998803,1],"ix":4},"o":{"a":0,"k":100,"ix":5},"r":1,"bm":0,"nm":"Fill 1","mn":"ADBE Vector Graphic - Fill","hd":false},{"ty":"tr","p":{"a":0,"k":[198.926,63.629],"ix":2},"a":{"a":0,"k":[0,0],"ix":1},"s":{"a":0,"k":[100,100],"ix":3},"r":{"a":0,"k":0,"ix":6},"o":{"a":0,"k":100,"ix":7},"sk":{"a":0,"k":0,"ix":4},"sa":{"a":0,"k":0,"ix":5},"nm":"Transform"}],"nm":"Group 2","np":2,"cix":2,"bm":0,"ix":2,"mn":"ADBE Vector Group","hd":false},{"ty":"gr","it":[{"ind":0,"ty":"sh","ix":1,"ks":{"a":0,"k":{"i":[[0,0],[0.582,-1.253],[-1.968,-1.265]],"o":[[-1.45,-0.673],[0,0],[0,0]],"v":[[1.842,-0.848],[-1.936,0.195],[1.936,1.521]],"c":false},"ix":2},"nm":"Path 1","mn":"ADBE Vector Shape - Group","hd":false},{"ty":"fl","c":{"a":0,"k":[0.093999997307,0.125,0.238999998803,1],"ix":4},"o":{"a":0,"k":100,"ix":5},"r":1,"bm":0,"nm":"Fill 1","mn":"ADBE Vector Graphic - Fill","hd":false},{"ty":"tr","p":{"a":0,"k":[210.554,55.975],"ix":2},"a":{"a":0,"k":[0,0],"ix":1},"s":{"a":0,"k":[100,100],"ix":3},"r":{"a":0,"k":0,"ix":6},"o":{"a":0,"k":100,"ix":7},"sk":{"a":0,"k":0,"ix":4},"sa":{"a":0,"k":0,"ix":5},"nm":"Transform"}],"nm":"Group 3","np":2,"cix":2,"bm":0,"ix":3,"mn":"ADBE Vector Group","hd":false},{"ty":"gr","it":[{"ind":0,"ty":"sh","ix":1,"ks":{"a":0,"k":{"i":[[2.985,-1.447],[-1.591,0.16],[-0.139,-1.374]],"o":[[-1.243,0.603],[1.592,-0.16],[0,0]],"v":[[-2.26,1.167],[0.371,-1.61],[3.503,0.588]],"c":true},"ix":2},"nm":"Path 1","mn":"ADBE Vector Shape - Group","hd":false},{"ty":"fl","c":{"a":0,"k":[0.093999997307,0.125,0.238999998803,1],"ix":4},"o":{"a":0,"k":100,"ix":5},"r":1,"bm":0,"nm":"Fill 1","mn":"ADBE Vector Graphic - Fill","hd":false},{"ty":"tr","p":{"a":0,"k":[199.32,51.977],"ix":2},"a":{"a":0,"k":[0,0],"ix":1},"s":{"a":0,"k":[100,100],"ix":3},"r":{"a":0,"k":0,"ix":6},"o":{"a":0,"k":100,"ix":7},"sk":{"a":0,"k":0,"ix":4},"sa":{"a":0,"k":0,"ix":5},"nm":"Transform"}],"nm":"Group 4","np":2,"cix":2,"bm":0,"ix":4,"mn":"ADBE Vector Group","hd":false},{"ty":"gr","it":[{"ind":0,"ty":"sh","ix":1,"ks":{"a":0,"k":{"i":[[0,0],[0,0],[0,0],[0.216,0.566]],"o":[[0,0],[0,0],[0.599,0.082],[0,0]],"v":[[-0.086,-3.247],[-2.16,2.718],[1.09,3.164],[1.944,2.091]],"c":true},"ix":2},"nm":"Path 1","mn":"ADBE Vector Shape - Group","hd":false},{"ty":"fl","c":{"a":0,"k":[0.804000016755,0.337000020345,0.388000009574,1],"ix":4},"o":{"a":0,"k":100,"ix":5},"r":1,"bm":0,"nm":"Fill 1","mn":"ADBE Vector Graphic - Fill","hd":false},{"ty":"tr","p":{"a":0,"k":[203.116,68.737],"ix":2},"a":{"a":0,"k":[0,0],"ix":1},"s":{"a":0,"k":[100,100],"ix":3},"r":{"a":0,"k":0,"ix":6},"o":{"a":0,"k":100,"ix":7},"sk":{"a":0,"k":0,"ix":4},"sa":{"a":0,"k":0,"ix":5},"nm":"Transform"}],"nm":"Group 5","np":2,"cix":2,"bm":0,"ix":5,"mn":"ADBE Vector Group","hd":false},{"ty":"gr","it":[{"ind":0,"ty":"sh","ix":1,"ks":{"a":0,"k":{"i":[[0,0],[0,0],[2.814,0.387]],"o":[[0,0],[0,0],[-2.816,-0.388]],"v":[[-4.604,0.02],[4.604,2.967],[-1.596,6.171]],"c":true},"ix":2},"nm":"Path 1","mn":"ADBE Vector Shape - Group","hd":false},{"ty":"fl","c":{"a":0,"k":[1,1,1,1],"ix":4},"o":{"a":0,"k":100,"ix":5},"r":1,"bm":0,"nm":"Fill 1","mn":"ADBE Vector Graphic - Fill","hd":false},{"ty":"tr","p":{"a":0,"k":[197.604,75.724],"ix":2},"a":{"a":0,"k":[0,0],"ix":1},"s":{"a":0,"k":[100,100],"ix":3},"r":{"a":0,"k":0,"ix":6},"o":{"a":0,"k":100,"ix":7},"sk":{"a":0,"k":0,"ix":4},"sa":{"a":0,"k":0,"ix":5},"nm":"Transform"}],"nm":"Group 6","np":2,"cix":2,"bm":0,"ix":6,"mn":"ADBE Vector Group","hd":false},{"ty":"gr","it":[{"ty":"fl","c":{"a":0,"k":[0.941000007181,0.517999985639,0.596000043084,1],"ix":4},"o":{"a":0,"k":100,"ix":5},"r":1,"bm":0,"nm":"Fill 1","mn":"ADBE Vector Graphic - Fill","hd":false},{"ty":"tr","p":{"a":0,"k":[185.822,68.165],"ix":2},"a":{"a":0,"k":[0,0],"ix":1},"s":{"a":0,"k":[100,100],"ix":3},"r":{"a":0,"k":0,"ix":6},"o":{"a":0,"k":100,"ix":7},"sk":{"a":0,"k":0,"ix":4},"sa":{"a":0,"k":0,"ix":5},"nm":"Transform"}],"nm":"Group 7","np":1,"cix":2,"bm":0,"ix":7,"mn":"ADBE Vector Group","hd":false},{"ty":"gr","it":[{"ind":0,"ty":"sh","ix":1,"ks":{"a":0,"k":{"i":[[0,0],[-4.039,-9.746]],"o":[[0,0],[0,0]],"v":[[-3.611,2.4],[3.611,4.873]],"c":false},"ix":2},"nm":"Path 1","mn":"ADBE Vector Shape - Group","hd":false},{"ty":"fl","c":{"a":0,"k":[0.811999990426,0.325,0.282000014361,1],"ix":4},"o":{"a":0,"k":100,"ix":5},"r":1,"bm":0,"nm":"Fill 1","mn":"ADBE Vector Graphic - Fill","hd":false},{"ty":"tr","p":{"a":0,"k":[162.777,54.604],"ix":2},"a":{"a":0,"k":[0,0],"ix":1},"s":{"a":0,"k":[100,100],"ix":3},"r":{"a":0,"k":0,"ix":6},"o":{"a":0,"k":100,"ix":7},"sk":{"a":0,"k":0,"ix":4},"sa":{"a":0,"k":0,"ix":5},"nm":"Transform"}],"nm":"Group 8","np":2,"cix":2,"bm":0,"ix":8,"mn":"ADBE Vector Group","hd":false},{"ty":"gr","it":[{"ind":0,"ty":"sh","ix":1,"ks":{"a":0,"k":{"i":[[0,0],[5.857,-8.157],[8.156,-1.045],[-2.302,3.765],[0.005,5.595],[0,0],[-9.581,4.502]],"o":[[0,0],[-5.856,8.157],[0,0],[5.689,-9.311],[0,0],[0,0],[19.731,-9.27]],"v":[[2.545,-18.092],[15.861,1.306],[-10.186,5.639],[-9.145,0.845],[-27.343,13.883],[-39.779,8.514],[-30.67,-21.228]],"c":true},"ix":2},"nm":"Path 1","mn":"ADBE Vector Shape - Group","hd":false},{"ty":"fl","c":{"a":0,"k":[0,0.086000001197,0.067000003889,1],"ix":4},"o":{"a":0,"k":100,"ix":5},"r":1,"bm":0,"nm":"Fill 1","mn":"ADBE Vector Graphic - Fill","hd":false},{"ty":"tr","p":{"a":0,"k":[196.383,40.654],"ix":2},"a":{"a":0,"k":[0,0],"ix":1},"s":{"a":0,"k":[100,100],"ix":3},"r":{"a":0,"k":0,"ix":6},"o":{"a":0,"k":100,"ix":7},"sk":{"a":0,"k":0,"ix":4},"sa":{"a":0,"k":0,"ix":5},"nm":"Transform"}],"nm":"Group 9","np":2,"cix":2,"bm":0,"ix":9,"mn":"ADBE Vector Group","hd":false},{"ty":"gr","it":[{"ind":0,"ty":"sh","ix":1,"ks":{"a":0,"k":{"i":[[-3.114,1.723],[4.496,2.823],[0,0]],"o":[[0,0],[-1.667,-1.046],[0,0]],"v":[[6.745,-11.141],[-3.243,-15.578],[-6.745,16.624]],"c":true},"ix":2},"nm":"Path 1","mn":"ADBE Vector Shape - Group","hd":false},{"ty":"fl","c":{"a":0,"k":[0.922000002394,0.481999984442,0.430999995213,1],"ix":4},"o":{"a":0,"k":100,"ix":5},"r":1,"bm":0,"nm":"Fill 1","mn":"ADBE Vector Graphic - Fill","hd":false},{"ty":"tr","p":{"a":0,"k":[175.999,97.731],"ix":2},"a":{"a":0,"k":[0,0],"ix":1},"s":{"a":0,"k":[100,100],"ix":3},"r":{"a":0,"k":0,"ix":6},"o":{"a":0,"k":100,"ix":7},"sk":{"a":0,"k":0,"ix":4},"sa":{"a":0,"k":0,"ix":5},"nm":"Transform"}],"nm":"Group 10","np":2,"cix":2,"bm":0,"ix":10,"mn":"ADBE Vector Group","hd":false},{"ty":"gr","it":[{"ind":0,"ty":"sh","ix":1,"ks":{"a":0,"k":{"i":[[18.2,-26.164],[0.464,0.426],[3.22,-5.761],[-0.322,-1.162],[1.37,-1.637],[0,0],[-14.192,-1.129],[-3.226,-3.225],[-7.207,33.471],[0.704,1.044]],"o":[[-0.366,0.527],[-3.645,-3.345],[-3.116,5.571],[0.707,2.539],[-11.938,14.254],[0,0],[0,0],[1.019,1.019],[6.752,-31.362],[-2.247,-3.331]],"v":[[6.399,-30.422],[-7.769,-18.5],[-20.382,-20.094],[-15.098,-6.901],[-16.235,6.076],[-40.392,35.88],[-10.436,56.586],[2.447,11.866],[33.639,-3.866],[26.041,-41.207]],"c":true},"ix":2},"nm":"Path 1","mn":"ADBE Vector Shape - Group","hd":false},{"ty":"fl","c":{"a":0,"k":[1,0.74900004069,0.709999952129,1],"ix":4},"o":{"a":0,"k":100,"ix":5},"r":1,"bm":0,"nm":"Fill 1","mn":"ADBE Vector Graphic - Fill","hd":false},{"ty":"tr","p":{"a":0,"k":[176.808,73.037],"ix":2},"a":{"a":0,"k":[0,0],"ix":1},"s":{"a":0,"k":[100,100],"ix":3},"r":{"a":0,"k":0,"ix":6},"o":{"a":0,"k":100,"ix":7},"sk":{"a":0,"k":0,"ix":4},"sa":{"a":0,"k":0,"ix":5},"nm":"Transform"}],"nm":"Group 11","np":2,"cix":2,"bm":0,"ix":11,"mn":"ADBE Vector Group","hd":false},{"ty":"gr","it":[{"ind":0,"ty":"sh","ix":1,"ks":{"a":0,"k":{"i":[[0.286,-0.061],[0,0],[0.055,0.313],[0,0],[-0.855,0.181],[0,0],[-0.165,-0.939],[0,0]],"o":[[0,0],[-0.285,0.06],[0,0],[-0.166,-0.939],[0,0],[0.856,-0.182],[0,0],[0.056,0.313]],"v":[[2.411,1.008],[-1.965,1.935],[-2.581,1.478],[-2.718,0.704],[-1.468,-1.324],[0.842,-1.813],[2.691,-0.442],[2.828,0.332]],"c":true},"ix":2},"nm":"Path 1","mn":"ADBE Vector Shape - Group","hd":false},{"ty":"fl","c":{"a":0,"k":[0,0.086000001197,0.067000003889,1],"ix":4},"o":{"a":0,"k":100,"ix":5},"r":1,"bm":0,"nm":"Fill 1","mn":"ADBE Vector Graphic - Fill","hd":false},{"ty":"tr","p":{"a":0,"k":[208.984,53.849],"ix":2},"a":{"a":0,"k":[0,0],"ix":1},"s":{"a":0,"k":[100,100],"ix":3},"r":{"a":0,"k":0,"ix":6},"o":{"a":0,"k":100,"ix":7},"sk":{"a":0,"k":0,"ix":4},"sa":{"a":0,"k":0,"ix":5},"nm":"Transform"}],"nm":"Group 13","np":2,"cix":2,"bm":0,"ix":12,"mn":"ADBE Vector Group","hd":false}],"ip":0,"op":54,"st":-20,"bm":0},{"ddd":0,"ind":8,"ty":0,"nm":"Leg Animated","parent":5,"refId":"comp_0","sr":1,"ks":{"o":{"a":0,"k":100,"ix":11},"r":{"a":0,"k":0,"ix":10},"p":{"a":0,"k":[25.139,194.107,0],"ix":2},"a":{"a":0,"k":[540,540,0],"ix":1},"s":{"a":0,"k":[100,100,100],"ix":6}},"ao":0,"w":1080,"h":1080,"ip":0,"op":54,"st":-20,"bm":0},{"ddd":0,"ind":9,"ty":4,"nm":"Left Hand Sleeve Outlines","parent":10,"sr":1,"ks":{"o":{"a":0,"k":100,"ix":11},"r":{"a":0,"k":-334.552,"ix":10},"p":{"a":0,"k":[34.598,30.346,0],"ix":2},"a":{"a":0,"k":[36.544,45.811,0],"ix":1},"s":{"a":0,"k":[100,100,100],"ix":6}},"ao":0,"shapes":[{"ty":"gr","it":[{"ind":0,"ty":"sh","ix":1,"ks":{"a":0,"k":{"i":[[6.048,-15.024],[5.169,-2.747],[-1.989,1.992],[-2.662,2.232],[-2.275,-9.872]],"o":[[-5.688,14.131],[0.209,3.909],[12.256,-12.269],[8.08,-6.777],[0.499,2.163]],"v":[[3.826,13.602],[-21.802,41.652],[-38.246,-10.424],[-15.529,-21.664],[-1.995,-7.682]],"c":true},"ix":2},"nm":"Path 1","mn":"ADBE Vector Shape - Group","hd":false},{"ty":"fl","c":{"a":0,"k":[0.89019613827,0.047058827269,0.364705882353,1],"ix":4},"o":{"a":0,"k":100,"ix":5},"r":1,"bm":0,"nm":"Fill 1","mn":"ADBE Vector Graphic - Fill","hd":false},{"ty":"tr","p":{"a":0,"k":[36.544,45.811],"ix":2},"a":{"a":0,"k":[0,0],"ix":1},"s":{"a":0,"k":[100,100],"ix":3},"r":{"a":0,"k":0,"ix":6},"o":{"a":0,"k":100,"ix":7},"sk":{"a":0,"k":0,"ix":4},"sa":{"a":0,"k":0,"ix":5},"nm":"Transform"}],"nm":"Group 1","np":2,"cix":2,"bm":0,"ix":1,"mn":"ADBE Vector Group","hd":false}],"ip":0,"op":54,"st":-20,"bm":0},{"ddd":0,"ind":10,"ty":4,"nm":"Left  Hand","parent":5,"sr":1,"ks":{"o":{"a":0,"k":100,"ix":11},"r":{"a":1,"k":[{"i":{"x":[0.667],"y":[1]},"o":{"x":[0.333],"y":[0]},"t":0,"s":[86]},{"i":{"x":[0.667],"y":[1]},"o":{"x":[0.333],"y":[0]},"t":24.941,"s":[-1]},{"t":53,"s":[86]}],"ix":10},"p":{"a":0,"k":[84.073,33.605,0],"ix":2},"a":{"a":0,"k":[19.392,19.747,0],"ix":1},"s":{"a":0,"k":[100,100,100],"ix":6}},"ao":0,"shapes":[{"ty":"gr","it":[{"ind":0,"ty":"sh","ix":1,"ks":{"a":0,"k":{"i":[[-3.293,0.215],[-2.104,-1.145],[-30.224,-7.559],[-2.52,0.06],[2.677,-3.696],[-1.27,-0.302],[-0.969,-1.303],[3.496,0.191],[-0.017,-0.066],[0,0],[21.794,3.142],[1.998,-0.647],[4.099,0.469],[-0.071,-0.198],[-0.493,-0.663],[0,0],[0,0],[0.145,-0.002],[3.227,0.364],[5.362,11.707],[1.532,5.976],[0,0]],"o":[[0.27,29.649],[14.38,7.824],[3.853,-2.575],[2.432,-0.058],[1.604,0.39],[6.416,0.601],[1.22,1.638],[0.018,0.067],[0,0],[0,0],[0,0],[-1.46,0.473],[0.085,0.212],[3.57,1.203],[0.717,0.962],[0,0],[-0.14,0.003],[-6.05,0.081],[-54.451,-6.127],[-2.224,-4.852],[0,0],[3.318,-0.254]],"v":[[-61.788,-67.497],[-45.77,14.637],[55.53,45.059],[67.419,39.048],[64.353,47.239],[68.664,48.278],[85.54,51.285],[71.649,52.214],[71.702,52.414],[88.123,56.42],[73.348,57.07],[88.786,62.82],[75.43,62.019],[75.665,62.634],[85.543,66.536],[70.208,67.458],[70.088,67.138],[69.674,67.148],[43.172,64.586],[-75.777,50.895],[-91.116,-9.705],[-95.142,-53.793]],"c":true},"ix":2},"nm":"Path 1","mn":"ADBE Vector Shape - Group","hd":false},{"ty":"fl","c":{"a":0,"k":[1,0.74900004069,0.709999952129,1],"ix":4},"o":{"a":0,"k":100,"ix":5},"r":1,"bm":0,"nm":"Fill 1","mn":"ADBE Vector Graphic - Fill","hd":false},{"ty":"tr","p":{"a":0,"k":[95.392,67.748],"ix":2},"a":{"a":0,"k":[0,0],"ix":1},"s":{"a":0,"k":[100,100],"ix":3},"r":{"a":0,"k":0,"ix":6},"o":{"a":0,"k":100,"ix":7},"sk":{"a":0,"k":0,"ix":4},"sa":{"a":0,"k":0,"ix":5},"nm":"Transform"}],"nm":"Group 1","np":2,"cix":2,"bm":0,"ix":1,"mn":"ADBE Vector Group","hd":false}],"ip":0,"op":54,"st":-20,"bm":0}],"markers":[]}